Workbook

Sheet A1
B2: บริษัท แวตสก้า จำกัด/ Vatska Company Limited 53/2 ต. อ้อมเกร็ด อ. ปากเกร็ด จ. นนทบุรี 11120/ 53/2 T. Om-Kred A. Pakkred Nonthaburi 11120 Thailand โทร. +662 9244161 อีเมล: sales@vatska.com/ Tel: +662 9244161 E-mail: sales@vatska.com | H2: A1
A7: ใบงาน TAAT
A8: วันที่ | B8: 08-Aug-2026 | F8: เลขที่เอกสาร | G8: TAAT
A9: แผนก | B9: ผลิต (Production) | F9: SG PO
A10: ลูกค้า | B10: Saint Gobain TAAT | F10: จำนวนชิ้นที่ผลิต | H10: 300
A11: PART NO | F11: Lot no.
A12: Description | F12: จำนวนที่บรรจุ | H12: 12
A19: ระยะ A | B19: ระยะความยาวสายยางโดยรวม | C19: 381 | D19: มิลลิเมตร | E19: =C19-F19 -> 368.3 | F19: 12.7 | G19: =C19-F19 -> 368.3 | H19: =C19+F19 -> 393.7
A20: ระยะ B | B20: ระยะห่างระหว่างคอลล่าร์กับปลายสายยาง | C20: 114.3 | D20: มิลลิเมตร | E20: =C20-F20 -> 107.95 | F20: 6.35 | G20: =C20-F20 -> 107.95 | H20: =C20+F20 -> 120.65
A21: ระยะ C | B21: ระยะห่างระหว่างคอลล่าร์ | C21: 151.89 | D21: มิลลิเมตร | E21: =C21-F21 -> 150.37 | F21: 1.52 | G21: =C21-F21 -> 150.37 | H21: =C21+F21 -> 153.41
B22: จำนวนคอลล่าร์ต่อเส้น | C22: 3 | F22: สีของคอลล่าร์
A23: Collar 1 | B23: part number ของคอลล่าร์ | F23: เขียว | G23: =_xlfn.XLOOKUP(F23,'A2'!L38:L45,'A2'!K38:K45,0,0) -> AYIEC871
A24: Collar 2 | B24: part number ของคอลล่าร์ | F24: ม่วง | G24: =_xlfn.XLOOKUP(F24,'A2'!L38:L45,'A2'!K38:K45,0,0) -> AYNEC872
A25: Collar 3 | B25: part number ของคอลล่าร์ | F25: ฟ้า | G25: =_xlfn.XLOOKUP(F25,'A2'!L38:L45,'A2'!K38:K45,0,0) -> AYHEC871
A26: สายยาง | B26: part number ของสายยาง | F26: Pharmed | G26: AY242602
A27: วัสดุที่เบิกใช้ในการผลิต
A29: ลำดับ | B29: รายละเอียด | C29: สี/รุ่น | D29: รหัสสินค้า | E29: จำนวนสายยางที่เบิกเป็นมิลลิเมตร | F29: จำนวน | G29: หน่วย
A31: 1 | B31: สายยาง | C31: =F26 -> Pharmed | D31: =G26 -> AY242602 | E31: =D31*#REF!*(#REF!+#REF!) -> #VALUE! | F31: line | G31: กล่อง
A32: 2 | B32: ตัวคอลล่าร์ติดสายยางตัวที่ 1 | C32: =F23 -> เขียว | D32: =G23 -> AYIEC871 | F32: =H10*1 -> 300 | G32: ชิ้น
B33: ตัวคอลล่าร์ติดสายยางตัวที่ 2 | C33: =F24 -> ม่วง | D33: =G24 -> AYNEC872 | F33: =H10*1 -> 300 | G33: ชิ้น
B34: ตัวคอลล่าร์ติดสายยางตัวที่ 3 | C34: =F25 -> ฟ้า | D34: =G25 -> AYHEC871 | F34: =H10*1 -> 300 | G34: ชิ้น
B35: ตัวคอลล่าร์ติดสายยางตัวที่ 4 | G35: ชิ้น
A36: 3 | B36: แท่นพลาสติคเพื่อใช้ตัดสายยาง | F36: 2 | G36: ชิ้น
A37: 4 | B37: แผ่นอลูมิเนียมเพื่อยึดสายยาง | F37: 2 | G37: ชิ้น
A38: 5 | B38: ถุงพลาสติค | F38: =H10/10 -> 30 | G38: ชิ้น
A39: 6 | B39: สติกเกอร์ | F39: =H10 -> 300 | G39: ชิ้น
A40: 7 | B40: ไม้บรรทัดเหล็ก | F40: 2 | G40: ชิ้น
A41: 8 | B41: LOCTITE | F41: 2 | G41: ชิ้น
A42: 9 | B42: คีมหนีบสแตนเลสปากแหลม/ปากแบน | F42: 2 | G42: ชิ้น
F46: ผู้เบิกวัตถุดิบ
F50: ผู้อนุมัติ

Sheet A2
A1: บริษัท แวตสก้า จำกัด/ Vatska Company Limited 53/2 ต. อ้อมเกร็ด อ. ปากเกร็ด จ. นนทบุรี 11120/ 53/2 T. Om-Kred A. Pakkred Nonthaburi 11120 ThailandA2 โทร. +662 9244161 อีเมล: sales@vatska.com/ Tel: +662 9244161 E-mail: sales@vatska.com
A6: ใบตรวจสอบคุณภาพผลิตภัณฑ์และหีบห่อ TAAT
A7: วันที่ | C7: ='A1'!B8 -> 08-Aug-2026 | H7: เลขที่เอกสาร | I7: TAAT | J7: ='A1'!H8 -> 0
A8: แผนก | C8: ผลิต (Production) | H8: SG PO | J8: ='A1'!H9 -> 0
A9: ลูกค้า | C9: SAINT-GOBAIN TAAT | H9: Lot no | J9: ='A1'!H11 -> 0
C11: ระยะ A | D11: ระยะความยาวสายยางโดยรวม | G11: ='A1'!G19 -> 368.3 | H11: ='A1'!H19 -> 393.7 | I11: มิลลิเมตร
C12: ระยะ B | D12: ระยะห่างระหว่างคอลล่าร์กับปลายสายยาง | G12: ='A1'!G20 -> 107.95 | H12: ='A1'!H20 -> 120.65 | I12: มิลลิเมตร
C13: ระยะ C | D13: ระยะห่างระหว่างคอลล่าร์ | G13: ='A1'!G21 -> 150.37 | H13: ='A1'!H21 -> 153.41 | I13: มิลลิเมตร
C14: จำนวนคอลล่าร์ต่อเส้น | E14: ='A1'!C22 -> 3
C15: สีของคอลล่าร์ 1 | E15: ='A1'!F23 -> เขียว
C16: สีของคอลล่าร์ 2 | E16: ='A1'!F24 -> ม่วง
C17: สีของคอลล่าร์ 3 | E17: ='A1'!F25 -> ฟ้า
A18: หัวข้อที่ใช้ในการตรวจสอบ
A20: ลำดับ | B20: หัวข้อที่ใช้ในการตรวจสอบ | F20: จำนวนสายยาง/หีบห่อที่ผลิต | G20: จำนวนสายยาง/หีบห่อที่ตรวจสอบ | I20: จำนวนที่ผ่าน/ไม่ผ่านการตรวจสอบ
I21: QC PASSED | J21: QC REJECTED
A22: 1 | B22: ระยะ A
A23: 2 | B23: ระยะ B
A24: 3 | B24: ระยะ C
A25: 4 | B25: ปริมาณกาวล้นสายยาง
A26: 5 | B26: คอลล่าร์ติดเอียง
A27: 6 | B27: คอลล่าร์ติดไม่แน่น
A28: 7 | B28: สติกเกอร์ลงวันที่ผลิตตรงตามใบงาน
A29: 8 | B29: สติกเกอร์ลง รหัสสินค้าถูกต้อง
A30: 9 | B30: จำนวนสายยางถูกต้องตามใบสั่งงาน
A36: TAAT TUBE
A37: TAAT TUBE P/N | B37: ID (mm) | C37: OD (mm) | D37: Pharmed | E37: LMT-55 | F37: E-3603 | G37: Length (mm) | H37: 1st Collar P/N | I37: 1st Collar Color | J37: Picture | K37: 2nd Collar P/N | L37: 2nd Collar Color | M37: Picture
A38: 070534-11-ND | B38: 1.02 | C38: 2.72 | D38: AY242605 | E38: ALH00001 | F38: ACF00001 | G38: 152 | H38: AYFEC869 | I38: ดำ | K38: AYFEC869 | L38: ดำ
A39: 070534-12-ND | B39: 1.09 | C39: 2.79 | D39: AY242606 | E39: ALH00002 | F39: ACF00002 | G39: 152 | H39: AYFEC869 | I39: ดำ | K39: AYGEC869 | L39: แดง
A40: 070534-13-ND | B40: 1.14 | C40: 2.84 | D40: AY242602 | E40: ALH02002 | F40: ACF02002 | G40: 152 | H40: AYGEC869 | I40: แดง | K40: AYGEC869 | L40: แดง
A41: 070534-14-ND | B41: 1.22 | C41: 2.92 | D41: AY242603 | E41: ALH00003 | F41: ACF00003 | G41: 152 | H41: AYGEC869 | I41: แดง | K41: AYLEC870 | L41: เทา
A42: 070534-18-ND | B42: 1.65 | C42: 3.35 | D42: AY242605 | E42: ALH00004 | F42: ACF00004 | G42: 152 | H42: AYHEC871 | I42: ฟ้า | K42: AYHEC871 | L42: ฟ้า
A43: 070534-19-ND | B43: 1.75 | C43: 3.45 | D43: AY242606 | E43: ALH02004 | F43: ACF02004 | G43: 152 | H43: AYHEC871 | I43: ฟ้า | K43: AYIEC871 | L43: เขียว
A44: 070534-20-ND | B44: 1.85 | C44: 3.55 | D44: AY242607 | E44: ALH00005 | F44: ACF00005 | G44: 152 | H44: AYIEC871 | I44: เขียว | K44: AYIEC871 | L44: เขียว
A45: 070534-21-ND | B45: 2.06 | C45: 3.76 | E45: ALH00006 | F45: ACF00006 | G45: 152 | H45: AYNEC872 | I45: ม่วง | K45: AYNEC872 | L45: ม่วง
